{"stats":{"minecraft:broken":{"minecraft:wooden_axe":1},"minecraft:mined":{"minecraft:crafting_table":5,"minecraft:short_grass":45,"minecraft:grass_block":10,"minecraft:tall_grass":5,"minecraft:oak_planks":1,"minecraft:furnace":2,"minecraft:iron_ore":4,"minecraft:coal_ore":24,"minecraft:oak_log":13,"croptopia:apple_crop":5,"minecraft:oak_stairs":1,"minecraft:dirt":11,"minecraft:stone":47},"minecraft:killed":{"minecraft:pig":1,"minecraft:sheep":4,"minecraft:zombie":3,"minecraft:cow":6},"minecraft:dropped":{"minecraft:wooden_axe":1,"minecraft:wooden_pickaxe":2},"minecraft:custom":{"minecraft:interact_with_furnace":14,"minecraft:mob_kills":15,"minecraft:interact_with_crafting_table":8,"minecraft:leave_game":6,"minecraft:time_since_death":1978,"minecraft:sleep_in_bed":2,"minecraft:time_since_rest":2181,"minecraft:sprint_one_cm":81970,"minecraft:damage_taken":936,"minecraft:walk_one_cm":147572,"minecraft:drop":3,"minecraft:damage_dealt":2363,"minecraft:swim_one_cm":4798,"minecraft:talked_to_villager":1,"minecraft:fly_one_cm":169161,"minecraft:open_chest":8,"minecraft:crouch_one_cm":10029,"minecraft:play_time":49034,"minecraft:deaths":2,"minecraft:sneak_time":3718,"minecraft:walk_under_water_one_cm":3153,"minecraft:jump":938,"minecraft:walk_on_water_one_cm":5009,"minecraft:total_world_time":49034,"minecraft:fall_one_cm":26295},"minecraft:picked_up":{"minecraft:wooden_axe":1,"minecraft:crafting_table":5,"minecraft:wheat":5,"minecraft:cooked_beef":3,"minecraft:leather":14,"minecraft:potato":12,"minecraft:oak_stairs":2,"minecraft:potion":3,"minecraft:oak_log":13,"minecraft:dirt":18,"minecraft:iron_leggings":1,"minecraft:apple":5,"minecraft:wheat_seeds":7,"minecraft:beef":14,"minecraft:stone_pickaxe":1,"minecraft:enchanted_golden_apple":2,"minecraft:oak_planks":26,"minecraft:egg":1,"minecraft:furnace":3,"minecraft:book":6,"minecraft:stick":2,"minecraft:raw_iron":8,"minecraft:torch":14,"minecraft:gravel":7,"minecraft:porkchop":7,"minecraft:soul_torch":6,"minecraft:white_bed":1,"minecraft:rotten_flesh":6,"minecraft:stone_axe":1,"minecraft:mutton":16,"minecraft:coal":28,"minecraft:white_wool":7,"minecraft:cobblestone":55},"minecraft:used":{"minecraft:stone_pickaxe":67,"minecraft:wooden_pickaxe":25,"minecraft:torch":2,"minecraft:dirt":18,"minecraft:mutton":4,"minecraft:crafting_table":6,"minecraft:wooden_axe":46,"minecraft:stone_axe":3,"minecraft:cobblestone":17,"minecraft:furnace":3,"minecraft:egg":1,"minecraft:cooked_beef":4},"minecraft:killed_by":{"minecraft:creeper":1,"minecraft:zombie":1},"minecraft:crafted":{"minecraft:cooked_beef":7,"minecraft:oak_planks":52,"minecraft:crafting_table":2,"minecraft:wooden_pickaxe":2,"minecraft:furnace":2,"minecraft:stone_axe":1,"minecraft:air":0,"minecraft:stick":16,"minecraft:stone_pickaxe":1,"minecraft:wooden_axe":1,"minecraft:white_bed":1,"minecraft:torch":16}},"DataVersion":3953}