{"stats":{"minecraft:used":{"minecraft:wooden_axe":19,"minecraft:stone_pickaxe":47,"minecraft:wooden_pickaxe":25,"minecraft:torch":2,"minecraft:cobblestone":17,"minecraft:dirt":18,"minecraft:mutton":4,"minecraft:crafting_table":4,"minecraft:furnace":2,"minecraft:egg":1,"minecraft:cooked_beef":2},"minecraft:picked_up":{"minecraft:wooden_axe":1,"minecraft:raw_iron":4,"minecraft:crafting_table":3,"minecraft:leather":7,"minecraft:oak_log":13,"minecraft:dirt":18,"minecraft:apple":5,"minecraft:wheat_seeds":4,"minecraft:beef":12,"minecraft:mutton":8,"minecraft:coal":21,"minecraft:furnace":1,"minecraft:white_wool":4,"minecraft:cobblestone":43,"minecraft:egg":1},"minecraft:custom":{"minecraft:time_since_rest":25124,"minecraft:interact_with_furnace":5,"minecraft:sprint_one_cm":64345,"minecraft:damage_taken":440,"minecraft:walk_one_cm":95034,"minecraft:mob_kills":10,"minecraft:drop":3,"minecraft:damage_dealt":1335,"minecraft:swim_one_cm":646,"minecraft:interact_with_crafting_table":5,"minecraft:fly_one_cm":138288,"minecraft:crouch_one_cm":9122,"minecraft:play_time":37111,"minecraft:deaths":1,"minecraft:sneak_time":3435,"minecraft:walk_under_water_one_cm":2867,"minecraft:jump":776,"minecraft:leave_game":5,"minecraft:time_since_death":25092,"minecraft:walk_on_water_one_cm":2903,"minecraft:total_world_time":37111,"minecraft:fall_one_cm":23288},"minecraft:mined":{"minecraft:furnace":1,"minecraft:iron_ore":4,"minecraft:crafting_table":3,"minecraft:short_grass":39,"croptopia:apple_crop":5,"minecraft:grass_block":10,"minecraft:oak_log":13,"minecraft:coal_ore":21,"minecraft:dirt":11,"minecraft:tall_grass":3,"minecraft:stone":44},"minecraft:killed":{"minecraft:sheep":2,"minecraft:zombie":1,"minecraft:cow":6},"minecraft:killed_by":{"minecraft:zombie":1},"minecraft:crafted":{"minecraft:cooked_beef":2,"minecraft:oak_planks":52,"minecraft:crafting_table":2,"minecraft:stick":12,"minecraft:wooden_pickaxe":2,"minecraft:stone_pickaxe":1,"minecraft:wooden_axe":1,"minecraft:furnace":2,"minecraft:torch":16,"minecraft:air":0},"minecraft:dropped":{"minecraft:wooden_axe":1,"minecraft:wooden_pickaxe":2}},"DataVersion":3953}