{"stats":{"minecraft:crafted":{"minecraft:cooked_beef":2,"minecraft:oak_planks":36,"minecraft:crafting_table":1,"minecraft:stick":12,"minecraft:wooden_pickaxe":2,"minecraft:stone_pickaxe":1,"minecraft:wooden_axe":1,"minecraft:furnace":1,"minecraft:torch":16,"minecraft:air":0},"minecraft:mined":{"minecraft:iron_ore":4,"minecraft:crafting_table":2,"minecraft:short_grass":23,"minecraft:coal_ore":21,"minecraft:grass_block":8,"minecraft:oak_log":9,"minecraft:dirt":11,"minecraft:tall_grass":2,"minecraft:stone":29},"minecraft:killed_by":{"minecraft:zombie":1},"minecraft:dropped":{"minecraft:wooden_pickaxe":2},"minecraft:custom":{"minecraft:time_since_rest":19092,"minecraft:interact_with_furnace":3,"minecraft:sprint_one_cm":47187,"minecraft:damage_taken":440,"minecraft:walk_one_cm":76283,"minecraft:mob_kills":7,"minecraft:drop":2,"minecraft:damage_dealt":961,"minecraft:swim_one_cm":646,"minecraft:interact_with_crafting_table":4,"minecraft:fly_one_cm":106942,"minecraft:crouch_one_cm":7800,"minecraft:play_time":31079,"minecraft:deaths":1,"minecraft:sneak_time":2955,"minecraft:walk_under_water_one_cm":2699,"minecraft:jump":644,"minecraft:leave_game":2,"minecraft:time_since_death":19060,"minecraft:walk_on_water_one_cm":2714,"minecraft:total_world_time":31079,"minecraft:fall_one_cm":19257},"minecraft:killed":{"minecraft:sheep":2,"minecraft:zombie":1,"minecraft:cow":3},"minecraft:used":{"minecraft:wooden_axe":12,"minecraft:stone_pickaxe":31,"minecraft:wooden_pickaxe":25,"minecraft:torch":2,"minecraft:cobblestone":17,"minecraft:dirt":18,"minecraft:mutton":4,"minecraft:crafting_table":3,"minecraft:furnace":1,"minecraft:cooked_beef":2},"minecraft:picked_up":{"minecraft:raw_iron":4,"minecraft:crafting_table":2,"minecraft:leather":4,"minecraft:oak_log":9,"minecraft:dirt":18,"minecraft:wheat_seeds":2,"minecraft:beef":7,"minecraft:mutton":8,"minecraft:coal":21,"minecraft:white_wool":4,"minecraft:cobblestone":28}},"DataVersion":3953}