{"stats":{"minecraft:mined":{"minecraft:furnace":1,"minecraft:iron_ore":4,"minecraft:crafting_table":3,"minecraft:short_grass":40,"minecraft:grass_block":10,"minecraft:oak_log":13,"minecraft:coal_ore":24,"croptopia:apple_crop":5,"minecraft:dirt":11,"minecraft:tall_grass":5,"minecraft:stone":47},"minecraft:killed":{"minecraft:sheep":4,"minecraft:pig":1,"minecraft:zombie":1,"minecraft:cow":6},"minecraft:dropped":{"minecraft:wooden_axe":1,"minecraft:wooden_pickaxe":2},"minecraft:custom":{"minecraft:time_since_rest":27561,"minecraft:interact_with_furnace":6,"minecraft:sprint_one_cm":65154,"minecraft:damage_taken":440,"minecraft:walk_one_cm":108801,"minecraft:mob_kills":13,"minecraft:drop":3,"minecraft:damage_dealt":1625,"minecraft:swim_one_cm":646,"minecraft:interact_with_crafting_table":5,"minecraft:fly_one_cm":139875,"minecraft:play_time":39548,"minecraft:crouch_one_cm":9179,"minecraft:deaths":1,"minecraft:sneak_time":3456,"minecraft:walk_under_water_one_cm":2867,"minecraft:jump":810,"minecraft:leave_game":6,"minecraft:time_since_death":27529,"minecraft:walk_on_water_one_cm":2903,"minecraft:total_world_time":39548,"minecraft:fall_one_cm":23706},"minecraft:picked_up":{"minecraft:wooden_axe":1,"minecraft:crafting_table":3,"minecraft:raw_iron":4,"minecraft:leather":7,"minecraft:porkchop":2,"minecraft:oak_log":13,"minecraft:dirt":18,"minecraft:apple":5,"minecraft:wheat_seeds":4,"minecraft:beef":12,"minecraft:mutton":12,"minecraft:coal":24,"minecraft:cobblestone":46,"minecraft:white_wool":6,"minecraft:furnace":1,"minecraft:egg":1},"minecraft:used":{"minecraft:wooden_axe":19,"minecraft:stone_pickaxe":66,"minecraft:wooden_pickaxe":25,"minecraft:torch":2,"minecraft:cobblestone":17,"minecraft:dirt":18,"minecraft:mutton":4,"minecraft:crafting_table":4,"minecraft:furnace":3,"minecraft:egg":1,"minecraft:cooked_beef":2},"minecraft:killed_by":{"minecraft:zombie":1},"minecraft:crafted":{"minecraft:cooked_beef":2,"minecraft:oak_planks":52,"minecraft:crafting_table":2,"minecraft:stick":12,"minecraft:wooden_pickaxe":2,"minecraft:stone_pickaxe":1,"minecraft:wooden_axe":1,"minecraft:furnace":2,"minecraft:torch":16,"minecraft:air":0}},"DataVersion":3953}