{"stats":{"minecraft:broken":{"minecraft:stone_axe":1},"minecraft:crafted":{"minecraft:cooked_beef":5,"minecraft:oak_planks":60,"minecraft:yellow_wool":3,"minecraft:wooden_pickaxe":1,"minecraft:iron_helmet":1,"minecraft:yellow_bed":1,"minecraft:bucket":1,"minecraft:stone_axe":1,"minecraft:air":0,"minecraft:iron_boots":1,"minecraft:iron_chestplate":1,"minecraft:yellow_dye":3,"minecraft:shield":1,"minecraft:iron_axe":1,"minecraft:stick":24,"minecraft:iron_ingot":37,"minecraft:iron_pickaxe":1,"minecraft:stone_pickaxe":1,"minecraft:wooden_axe":1,"minecraft:stone_sword":1,"minecraft:iron_leggings":1,"minecraft:torch":32},"minecraft:mined":{"minecraft:tuff":1,"croptopia:orange_crop":7,"minecraft:mossy_cobblestone":1,"minecraft:deepslate_diamond_ore":19,"croptopia:mustard_crop":1,"minecraft:dandelion":3,"minecraft:crafting_table":4,"minecraft:torch":1,"minecraft:short_grass":12,"minecraft:sculk_sensor":2,"minecraft:tall_grass":3,"minecraft:deepslate_gold_ore":5,"minecraft:lapis_ore":2,"minecraft:sculk":15,"minecraft:wall_torch":1,"minecraft:spawner":1,"croptopia:walnut_crop":1,"minecraft:sculk_catalyst":1,"minecraft:furnace":2,"minecraft:iron_ore":75,"minecraft:deepslate_lapis_ore":4,"minecraft:yellow_bed":3,"biomesoplenty:hanging_cobweb":3,"minecraft:oak_log":15,"minecraft:pointed_dripstone":1,"minecraft:coal_ore":34,"croptopia:apple_crop":20,"minecraft:deepslate_iron_ore":28,"biomesoplenty:webbing":19,"minecraft:dirt":3,"minecraft:cobweb":9,"minecraft:stone":80,"minecraft:oak_leaves":15,"minecraft:deepslate":49},"minecraft:dropped":{"minecraft:tuff":1,"minecraft:rotten_flesh":6,"croptopia:orange":3,"minecraft:wooden_axe":1,"minecraft:stone_pickaxe":1,"minecraft:wooden_pickaxe":1,"minecraft:string":9,"croptopia:mustard":1},"minecraft:custom":{"minecraft:interact_with_furnace":26,"minecraft:mob_kills":46,"minecraft:interact_with_crafting_table":24,"minecraft:leave_game":1,"minecraft:time_since_death":62647,"minecraft:sleep_in_bed":1,"minecraft:time_since_rest":59529,"minecraft:sprint_one_cm":131667,"minecraft:damage_taken":1394,"minecraft:walk_one_cm":153969,"minecraft:damage_blocked_by_shield":1793,"minecraft:drop":10,"minecraft:damage_dealt":6977,"minecraft:swim_one_cm":2774,"minecraft:fly_one_cm":204429,"minecraft:open_chest":4,"minecraft:crouch_one_cm":35616,"minecraft:play_time":62647,"minecraft:sneak_time":10288,"minecraft:walk_under_water_one_cm":4278,"minecraft:jump":1500,"minecraft:walk_on_water_one_cm":17810,"minecraft:total_world_time":62647,"minecraft:fall_one_cm":34965},"minecraft:killed":{"minecraft:cave_spider":3,"minecraft:pig":4,"minecraft:spider":2,"minecraft:creeper":2,"minecraft:sheep":8,"minecraft:skeleton":7,"minecraft:zombie":17,"minecraft:cow":2},"minecraft:used":{"minecraft:water_bucket":3,"minecraft:stone_sword":19,"minecraft:stone_pickaxe":79,"croptopia:walnut":1,"minecraft:wooden_pickaxe":24,"minecraft:shield":75,"minecraft:rotten_flesh":14,"minecraft:torch":29,"minecraft:glow_berries":3,"minecraft:dirt":19,"minecraft:mutton":6,"minecraft:crafting_table":3,"croptopia:orange":4,"minecraft:wooden_axe":11,"minecraft:apple":3,"minecraft:iron_axe":15,"minecraft:iron_pickaxe":229,"minecraft:stone_axe":69,"minecraft:cobblestone":39,"minecraft:furnace":1,"minecraft:bucket":4,"minecraft:yellow_bed":3,"minecraft:cooked_beef":10,"minecraft:cobbled_deepslate":48},"minecraft:picked_up":{"minecraft:crafting_table":4,"minecraft:cooked_beef":5,"minecraft:leather":2,"minecraft:tuff":1,"minecraft:oak_log":15,"croptopia:walnut":1,"minecraft:yellow_bed":3,"minecraft:gunpowder":4,"minecraft:string":9,"minecraft:lapis_lazuli":43,"minecraft:dirt":22,"minecraft:bone":10,"minecraft:apple":18,"minecraft:wheat_seeds":1,"minecraft:cobbled_deepslate":48,"minecraft:raw_gold":5,"minecraft:beef":5,"minecraft:furnace":2,"minecraft:stick":1,"minecraft:raw_iron":102,"croptopia:mustard":1,"minecraft:torch":4,"minecraft:dandelion":3,"minecraft:porkchop":6,"minecraft:pointed_dripstone":3,"minecraft:mossy_cobblestone":1,"minecraft:spider_eye":1,"minecraft:arrow":7,"minecraft:rotten_flesh":20,"minecraft:diamond":19,"croptopia:orange":7,"minecraft:black_wool":1,"minecraft:mutton":11,"minecraft:coal":49,"minecraft:white_wool":6,"minecraft:cobblestone":81}},"DataVersion":3953}